{
    "telemetry": {
        "eva_time": 42.0,
        "eva1": {
            "batt_time_left": 5077.14892578125,
            "oxy_pri_storage": 23.755802154541016,
            "oxy_sec_storage": 15.100640296936035,
            "oxy_pri_pressure": 15.100640296936035,
            "oxy_sec_pressure": 0.0015709999715909362,
            "oxy_time_left": 453.0260009765625,
            "heart_rate": 4196.0,
            "oxy_consumption": 90.0,
            "co2_production": 0.09614899754524231,
            "suit_pressure_oxy": 0.09433799982070923,
            "suit_pressure_co2": 3.0723159313201904,
            "suit_pressure_other": 0.0013010000111535192,
            "suit_pressure_total": 11.554200172424316,
            "fan_pri_rpm": 14.627817153930664,
            "fan_sec_rpm": 0.0,
            "helmet_pressure_co2": 30001.0,
            "scrubber_a_co2_storage": 0.04641399905085564,
            "scrubber_b_co2_storage": 0.0,
            "temperature": 2.158245086669922,
            "coolant_ml": 72.90251922607422,
            "coolant_gas_pressure": 20.508068084716797,
            "coolant_liquid_pressure": 0.0
        },
        "eva2": {
            "batt_time_left": 115.00691986083984,
            "oxy_pri_storage": 3384.893798828125,
            "oxy_sec_storage": 24.231962203979492,
            "oxy_pri_pressure": 19.03024673461914,
            "oxy_sec_pressure": 0.0022640000097453594,
            "oxy_time_left": 570.9091796875,
            "heart_rate": 4672.0,
            "oxy_consumption": 90.0,
            "co2_production": 0.09381700307130814,
            "suit_pressure_oxy": 0.0952019989490509,
            "suit_pressure_cO2": 0.0059,
            "suit_pressure_other": 0.0017500000540167093,
            "suit_pressure_total": 11.554200172424316,
            "fan_pri_rpm": 14.628279685974121,
            "fan_sec_rpm": 0.0,
            "helmet_pressure_co2": 30001.0,
            "scrubber_a_co2_storage": 0.04685499891638756,
            "scrubber_b_co2_storage": 0.0,
            "temperature": 2.0965468883514404,
            "coolant_ml": 79.90035247802734,
            "coolant_gas_pressure": 22.034748077392578,
            "coolant_liquid_pressure": 0.0,
            "suit_pressure_co2": 3.0723299980163574
        }
    }
}