{
    "telemetry": {
        "eva_time": 113.0,
        "eva1": {
            "batt_time_left": 5077.14892578125,
            "oxy_pri_storage": 23.755802154541016,
            "oxy_sec_storage": 14.443232536315918,
            "oxy_pri_pressure": 14.443232536315918,
            "oxy_sec_pressure": 0.002532999962568283,
            "oxy_time_left": 433.3018493652344,
            "heart_rate": 4125.0,
            "oxy_consumption": 90.0,
            "co2_production": 0.10625900328159332,
            "suit_pressure_oxy": 0.10531800240278244,
            "suit_pressure_co2": 3.0723021030426025,
            "suit_pressure_other": 0.0018370000179857016,
            "suit_pressure_total": 11.554200172424316,
            "fan_pri_rpm": 14.628339767456055,
            "fan_sec_rpm": 0.0,
            "helmet_pressure_co2": 30001.0,
            "scrubber_a_co2_storage": 0.08090399950742722,
            "scrubber_b_co2_storage": 0.0,
            "temperature": 9.333402633666992,
            "coolant_ml": 66.33596801757812,
            "coolant_gas_pressure": 20.508068084716797,
            "coolant_liquid_pressure": 0.0
        },
        "eva2": {
            "batt_time_left": 104.64788818359375,
            "oxy_pri_storage": 3384.893798828125,
            "oxy_sec_storage": 24.231962203979492,
            "oxy_pri_pressure": 18.372838973999023,
            "oxy_sec_pressure": 0.002764000091701746,
            "oxy_time_left": 551.1881713867188,
            "heart_rate": 4601.0,
            "oxy_consumption": 90.0,
            "co2_production": 0.10571499913930893,
            "suit_pressure_oxy": 0.10178499668836594,
            "suit_pressure_cO2": 0.0059,
            "suit_pressure_other": 0.001728000002913177,
            "suit_pressure_total": 11.554200172424316,
            "fan_pri_rpm": 14.628233909606934,
            "fan_sec_rpm": 0.0,
            "helmet_pressure_co2": 30001.0,
            "scrubber_a_co2_storage": 0.08009199798107147,
            "scrubber_b_co2_storage": 0.0,
            "temperature": 9.313055038452148,
            "coolant_ml": 82.54348754882812,
            "coolant_gas_pressure": 22.034748077392578,
            "coolant_liquid_pressure": 35.58583450317383,
            "suit_pressure_co2": 3.072305917739868
        }
    }
}