{
    "telemetry": {
        "eva_time": 1054.0,
        "eva1": {
            "batt_time_left": 5077.14892578125,
            "oxy_pri_storage": 23.755802154541016,
            "oxy_sec_storage": 5.730269908905029,
            "oxy_pri_pressure": 5.730269908905029,
            "oxy_sec_pressure": 0.003071000101044774,
            "oxy_time_left": 171.9076690673828,
            "heart_rate": 3184.0,
            "oxy_consumption": 90.0,
            "co2_production": 0.09787300229072571,
            "suit_pressure_oxy": 0.0918089970946312,
            "suit_pressure_co2": 3.072381019592285,
            "suit_pressure_other": 0.28362199664115906,
            "suit_pressure_total": 11.554200172424316,
            "fan_pri_rpm": 14.91020393371582,
            "fan_sec_rpm": 0.0,
            "helmet_pressure_co2": 30001.0,
            "scrubber_a_co2_storage": 0.30266401171684265,
            "scrubber_b_co2_storage": 0.0,
            "temperature": 100.09542846679688,
            "coolant_ml": 81.5733413696289,
            "coolant_gas_pressure": 20.508068084716797,
            "coolant_liquid_pressure": 20.24662208557129
        },
        "eva2": {
            "batt_time_left": 108.43888092041016,
            "oxy_pri_storage": 3384.893798828125,
            "oxy_sec_storage": 24.231962203979492,
            "oxy_pri_pressure": 9.659875869750977,
            "oxy_sec_pressure": 0.0012420000275596976,
            "oxy_time_left": 289.790283203125,
            "heart_rate": 3660.0,
            "oxy_consumption": 90.0,
            "co2_production": 0.09183400124311447,
            "suit_pressure_oxy": 0.09463600069284439,
            "suit_pressure_cO2": 0.0059,
            "suit_pressure_other": 0.2834329903125763,
            "suit_pressure_total": 11.554200172424316,
            "fan_pri_rpm": 14.910002708435059,
            "fan_sec_rpm": 0.0,
            "helmet_pressure_co2": 30001.0,
            "scrubber_a_co2_storage": 0.3032349944114685,
            "scrubber_b_co2_storage": 0.0,
            "temperature": 100.08061981201172,
            "coolant_ml": 65.6183090209961,
            "coolant_gas_pressure": 22.034748077392578,
            "coolant_liquid_pressure": 0.0,
            "suit_pressure_co2": 3.0723700523376465
        }
    }
}