{
    "telemetry": {
        "eva_time": 45.0,
        "eva1": {
            "batt_time_left": 5077.14892578125,
            "oxy_pri_storage": 23.755802154541016,
            "oxy_sec_storage": 15.07286262512207,
            "oxy_pri_pressure": 15.07286262512207,
            "oxy_sec_pressure": 0.00344299990683794,
            "oxy_time_left": 452.1784973144531,
            "heart_rate": 4193.0,
            "oxy_consumption": 90.0,
            "co2_production": 0.09903799742460251,
            "suit_pressure_oxy": 0.09428899735212326,
            "suit_pressure_co2": 3.0723049640655518,
            "suit_pressure_other": 0.0013099999632686377,
            "suit_pressure_total": 11.554200172424316,
            "fan_pri_rpm": 14.627815246582031,
            "fan_sec_rpm": 0.0,
            "helmet_pressure_co2": 30001.0,
            "scrubber_a_co2_storage": 0.04841100051999092,
            "scrubber_b_co2_storage": 0.0,
            "temperature": 2.380690097808838,
            "coolant_ml": 72.73661041259766,
            "coolant_gas_pressure": 20.508068084716797,
            "coolant_liquid_pressure": 0.0
        },
        "eva2": {
            "batt_time_left": 114.74518585205078,
            "oxy_pri_storage": 3384.893798828125,
            "oxy_sec_storage": 24.231962203979492,
            "oxy_pri_pressure": 19.00246810913086,
            "oxy_sec_pressure": 0.007120000198483467,
            "oxy_time_left": 570.0706176757812,
            "heart_rate": 4669.0,
            "oxy_consumption": 90.0,
            "co2_production": 0.09590499848127365,
            "suit_pressure_oxy": 0.09368100017309189,
            "suit_pressure_cO2": 0.0059,
            "suit_pressure_other": 0.001699000014923513,
            "suit_pressure_total": 11.554200172424316,
            "fan_pri_rpm": 14.628211975097656,
            "fan_sec_rpm": 0.0,
            "helmet_pressure_co2": 30001.0,
            "scrubber_a_co2_storage": 0.04889800027012825,
            "scrubber_b_co2_storage": 0.0,
            "temperature": 2.3227479457855225,
            "coolant_ml": 80.09718322753906,
            "coolant_gas_pressure": 22.034748077392578,
            "coolant_liquid_pressure": 1.319390058517456,
            "suit_pressure_co2": 3.072313070297241
        }
    }
}